image_id,role
106691539.jpg,doctor
2065349349.jpg,doctor
2066986243.jpg,doctor
2131716223.jpg,doctor
2437798869.jpg,doctor
261436644.jpg,doctor
2705860464.jpg,doctor
2785408815.jpg,doctor
2810289270.jpg,doctor
288406480.jpg,doctor
2910297808.jpg,doctor
3018895758.jpg,doctor
3026102745.jpg,doctor
3228358059.jpg,doctor
3242881252.jpg,doctor
3494059.jpg,doctor
3679187018.jpg,doctor
3721745504.jpg,doctor
380808487.jpg,doctor
3856149623.jpg,doctor
3856921828.jpg,doctor
430543100.jpg,doctor
4453784684.jpg,doctor
4476440464.jpg,doctor
4476454760.jpg,doctor
459804826.jpg,doctor
4616443347.jpg,doctor
4688301633.jpg,doctor
4688316741.jpg,doctor
4688342011.jpg,doctor
4688957248.jpg,doctor
4688958106.jpg,doctor
4688958504.jpg,doctor
4688989316.jpg,doctor
4688994030.jpg,doctor
4688997422.jpg,doctor
4689001890.jpg,doctor
4689003496.jpg,doctor
4810350090.jpg,doctor
4858202572.jpg,doctor
5207964886.jpg,doctor
5436250638.jpg,doctor
5519356022.jpg,doctor
6086510173.jpg,doctor
6364046387.jpg,doctor
6739641349.jpg,doctor
7027910155.jpg,doctor
76739724.jpg,doctor
1680674943.jpg,nurse
236144859.jpg,nurse
2665904080.jpg,nurse
2705099765.jpg,nurse
2705103851.jpg,nurse
2884750527.jpg,nurse
2897141031.jpg,nurse
2911553636.jpg,nurse
317413869.jpg,nurse
3258993719.jpg,nurse
375489940.jpg,nurse
3805214721.jpg,nurse
3856176585.jpg,nurse
3856178809.jpg,nurse
3856182861.jpg,nurse
4057116288.jpg,nurse
4199589368.jpg,nurse
4688351939.jpg,nurse
4857560023.jpg,nurse
4857561027.jpg,nurse
5758838589.jpg,nurse
6073765731.jpg,nurse
7036494665.jpg,nurse
742586128.jpg,nurse
1093807815.jpg,teacher
111061041.jpg,teacher
1158505981.jpg,teacher
1175268298.jpg,teacher
1248747267.jpg,teacher
1306824952.jpg,teacher
1413647425.jpg,teacher
152881593.jpg,teacher
1535963458.jpg,teacher
1559968723.jpg,teacher
15688683.jpg,teacher
158898445.jpg,teacher
1801283994.jpg,teacher
1924261173.jpg,teacher
1925066432.jpg,teacher
1937816088.jpg,teacher
1939402682.jpg,teacher
1974820694.jpg,teacher
19986766.jpg,teacher
2053683299.jpg,teacher
2074430847.jpg,teacher
2078709661.jpg,teacher
2079499010.jpg,teacher
2104091463.jpg,teacher
212857743.jpg,teacher
2151149988.jpg,teacher
2155653460.jpg,teacher
2209317.jpg,teacher
221024947.jpg,teacher
221586389.jpg,teacher
2250479700.jpg,teacher
228447922.jpg,teacher
2325436092.jpg,teacher
2325436612.jpg,teacher
2355339096.jpg,teacher
2358816385.jpg,teacher
2390286467.jpg,teacher
2425148763.jpg,teacher
2446928343.jpg,teacher
2447754764.jpg,teacher
245815603.jpg,teacher
2477925561.jpg,teacher
2511782353.jpg,teacher
25534384.jpg,teacher
256405548.jpg,teacher
2572604969.jpg,teacher
2572988623.jpg,teacher
2581472438.jpg,teacher
2581690718.jpg,teacher
2596474836.jpg,teacher
2620756624.jpg,teacher
2631290870.jpg,teacher
2652207781.jpg,teacher
2653493856.jpg,teacher
2677377747.jpg,teacher
2719575713.jpg,teacher
2759622561.jpg,teacher
2759625199.jpg,teacher
2760560588.jpg,teacher
2825897091.jpg,teacher
282741726.jpg,teacher
2862721322.jpg,teacher
2885861465.jpg,teacher
2908834379.jpg,teacher
2944553914.jpg,teacher
299265726.jpg,teacher
3012517885.jpg,teacher
303103036.jpg,teacher
303103123.jpg,teacher
303103209.jpg,teacher
3043908909.jpg,teacher
3044746136.jpg,teacher
3087336221.jpg,teacher
3097956754.jpg,teacher
3097969438.jpg,teacher
3101442804.jpg,teacher
3178387943.jpg,teacher
3217910740.jpg,teacher
3240470193.jpg,teacher
3240519143.jpg,teacher
3240570205.jpg,teacher
3260428543.jpg,teacher
3288173388.jpg,teacher
3303155124.jpg,teacher
3313869283.jpg,teacher
33143662.jpg,teacher
3315470634.jpg,teacher
3320680380.jpg,teacher
3327487011.jpg,teacher
3332883133.jpg,teacher
3335049445.jpg,teacher
3342483199.jpg,teacher
3353295436.jpg,teacher
3415311628.jpg,teacher
3424861467.jpg,teacher
3433259846.jpg,teacher
3433944385.jpg,teacher
3449114979.jpg,teacher
3465353601.jpg,teacher
3499641634.jpg,teacher
3504913634.jpg,teacher
3514281858.jpg,teacher
3534376990.jpg,teacher
3548354827.jpg,teacher
3548356189.jpg,teacher
3548411777.jpg,teacher
3558251719.jpg,teacher
3595795231.jpg,teacher
3609027309.jpg,teacher
3618969705.jpg,teacher
3662271861.jpg,teacher
3712463209.jpg,teacher
3720932219.jpg,teacher
3787108012.jpg,teacher
3795409752.jpg,teacher
3799847884.jpg,teacher
3803116389.jpg,teacher
3858724345.jpg,teacher
3858745961.jpg,teacher
3863054776.jpg,teacher
392172670.jpg,teacher
3954384143.jpg,teacher
3957762825.jpg,teacher
4017747090.jpg,teacher
4045661794.jpg,teacher
4069607034.jpg,teacher
4076675949.jpg,teacher
4132372244.jpg,teacher
4143332417.jpg,teacher
4166059793.jpg,teacher
4166066769.jpg,teacher
4186516481.jpg,teacher
4195280723.jpg,teacher
423140781.jpg,teacher
424830334.jpg,teacher
4260498576.jpg,teacher
4260753296.jpg,teacher
4268878033.jpg,teacher
427082246.jpg,teacher
4280272.jpg,teacher
4295355954.jpg,teacher
4297527221.jpg,teacher
4300375062.jpg,teacher
4309584424.jpg,teacher
4328445479.jpg,teacher
4328537167.jpg,teacher
4328537975.jpg,teacher
4329176590.jpg,teacher
4329180364.jpg,teacher
4329185604.jpg,teacher
4329197704.jpg,teacher
4329267374.jpg,teacher
4334332560.jpg,teacher
4348808646.jpg,teacher
4349645417.jpg,teacher
4377820231.jpg,teacher
4398362068.jpg,teacher
4410353491.jpg,teacher
4410366569.jpg,teacher
4411079474.jpg,teacher
4411115360.jpg,teacher
4411155296.jpg,teacher
4412978133.jpg,teacher
4413714.jpg,teacher
4444783987.jpg,teacher
4445556418.jpg,teacher
4445556540.jpg,teacher
4514987995.jpg,teacher
4583731865.jpg,teacher
4634392868.jpg,teacher
4636392873.jpg,teacher
4669422426.jpg,teacher
4705341010.jpg,teacher
4711903148.jpg,teacher
4728572309.jpg,teacher
4752196886.jpg,teacher
4752961136.jpg,teacher
4766071641.jpg,teacher
4766957700.jpg,teacher
4773842539.jpg,teacher
4774482282.jpg,teacher
4791332465.jpg,teacher
4872490297.jpg,teacher
4873020182.jpg,teacher
4901112400.jpg,teacher
4904276466.jpg,teacher
4918785879.jpg,teacher
4945925484.jpg,teacher
5016198622.jpg,teacher
5073552229.jpg,teacher
511814053.jpg,teacher
513390919.jpg,teacher
5158576367.jpg,teacher
5199439325.jpg,teacher
524250975.jpg,teacher
5249006378.jpg,teacher
5250368045.jpg,teacher
52898654.jpg,teacher
5456725416.jpg,teacher
5488532211.jpg,teacher
5505219003.jpg,teacher
5508346028.jpg,teacher
5586190109.jpg,teacher
5608502395.jpg,teacher
5612808611.jpg,teacher
5732157460.jpg,teacher
5733760.jpg,teacher
5788772871.jpg,teacher
5789294140.jpg,teacher
58579865.jpg,teacher
5921223189.jpg,teacher
6214239936.jpg,teacher
623052035.jpg,teacher
6254090796.jpg,teacher
6284697322.jpg,teacher
6286292296.jpg,teacher
6303619277.jpg,teacher
6342893496.jpg,teacher
6353804663.jpg,teacher
6364640471.jpg,teacher
6554989899.jpg,teacher
6555213067.jpg,teacher
6556869643.jpg,teacher
66077389.jpg,teacher
6681702979.jpg,teacher
6773067336.jpg,teacher
6775385802.jpg,teacher
6878447190.jpg,teacher
6887014469.jpg,teacher
6915308239.jpg,teacher
6917567087.jpg,teacher
6917718093.jpg,teacher
6918466589.jpg,teacher
6926407076.jpg,teacher
6970448638.jpg,teacher
6973153854.jpg,teacher
7007372771.jpg,teacher
7024546549.jpg,teacher
7024547933.jpg,teacher
73450556.jpg,teacher
73636276.jpg,teacher
74916401.jpg,teacher
7550213772.jpg,teacher
7643799764.jpg,teacher
7684654986.jpg,teacher
7735272386.jpg,teacher
7754455550.jpg,teacher
790145736.jpg,teacher
8084763287.jpg,teacher
842263436.jpg,teacher
867204263.jpg,teacher
86734276.jpg,teacher
87940007.jpg,teacher
901763909.jpg,teacher
970958470.jpg,teacher
110613709.jpg,scientist
126772535.jpg,scientist
1269021329.jpg,scientist
154789578.jpg,scientist
1550772959.jpg,scientist
185019676.jpg,scientist
2044172209.jpg,scientist
2196862437.jpg,scientist
2210633831.jpg,scientist
2297345744.jpg,scientist
2550413325.jpg,scientist
2555536389.jpg,scientist
2688337844.jpg,scientist
2703515269.jpg,scientist
2988552985.jpg,scientist
3119988763.jpg,scientist
3197960343.jpg,scientist
3242039483.jpg,scientist
331331911.jpg,scientist
3389491391.jpg,scientist
3505568481.jpg,scientist
3523115345.jpg,scientist
367794886.jpg,scientist
3841235072.jpg,scientist
3943690510.jpg,scientist
3948611540.jpg,scientist
3951142610.jpg,scientist
4077598908.jpg,scientist
4464499575.jpg,scientist
4517305548.jpg,scientist
4634174359.jpg,scientist
4656823199.jpg,scientist
4668973374.jpg,scientist
4744046556.jpg,scientist
48296285.jpg,scientist
4864275268.jpg,scientist
5121831412.jpg,scientist
52581560.jpg,scientist
5280521648.jpg,scientist
5428317596.jpg,scientist
5428390334.jpg,scientist
5429241344.jpg,scientist
5759383826.jpg,scientist
5932900326.jpg,scientist
5932908042.jpg,scientist
6074391204.jpg,scientist
6074401666.jpg,scientist
6151897522.jpg,scientist
6194677011.jpg,scientist
6280386353.jpg,scientist
6299253797.jpg,scientist
6303184938.jpg,scientist
6339096.jpg,scientist
6353805299.jpg,scientist
6353806575.jpg,scientist
6421917835.jpg,scientist
6442754553.jpg,scientist
6775388196.jpg,scientist
6798727809.jpg,scientist
6800805602.jpg,scientist
6836166265.jpg,scientist
6876267845.jpg,scientist
6893218038.jpg,scientist
7027883609.jpg,scientist
976581518.jpg,scientist
1000366164.jpg,chef
102998070.jpg,chef
1040426962.jpg,chef
1079013716.jpg,chef
1088385559.jpg,chef
1099434461.jpg,chef
114954667.jpg,chef
11536856.jpg,chef
1162606352.jpg,chef
116337803.jpg,chef
118897631.jpg,chef
121551810.jpg,chef
12252043.jpg,chef
123501647.jpg,chef
12379850.jpg,chef
1246237064.jpg,chef
1246239396.jpg,chef
1246863003.jpg,chef
126823727.jpg,chef
127480623.jpg,chef
128706819.jpg,chef
1296144016.jpg,chef
1296395998.jpg,chef
1303157527.jpg,chef
1306106329.jpg,chef
130792536.jpg,chef
132523566.jpg,chef
1327485320.jpg,chef
1330981138.jpg,chef
1336772621.jpg,chef
1346095724.jpg,chef
134653574.jpg,chef
1356627150.jpg,chef
136581487.jpg,chef
1368082221.jpg,chef
1370293802.jpg,chef
137306602.jpg,chef
137453677.jpg,chef
138475481.jpg,chef
1402173695.jpg,chef
1409041007.jpg,chef
1409801982.jpg,chef
1409969752.jpg,chef
1414454789.jpg,chef
1415147666.jpg,chef
1415455940.jpg,chef
1433259849.jpg,chef
143428094.jpg,chef
145282619.jpg,chef
146019208.jpg,chef
1562478713.jpg,chef
156740459.jpg,chef
1580359117.jpg,chef
16396183.jpg,chef
16396193.jpg,chef
16396205.jpg,chef
167481877.jpg,chef
17186135.jpg,chef
180209719.jpg,chef
181967064.jpg,chef
1877935642.jpg,chef
1901867746.jpg,chef
1947255786.jpg,chef
1984905752.jpg,chef
200797624.jpg,chef
203390686.jpg,chef
20354191.jpg,chef
2043372516.jpg,chef
2069390245.jpg,chef
2081721157.jpg,chef
2085557551.jpg,chef
2096686198.jpg,chef
2098777590.jpg,chef
2123858003.jpg,chef
2140222017.jpg,chef
2158625230.jpg,chef
2178295748.jpg,chef
2194283350.jpg,chef
2201480583.jpg,chef
2203586218.jpg,chef
2223272586.jpg,chef
2229237521.jpg,chef
2230134548.jpg,chef
2230458748.jpg,chef
2245019332.jpg,chef
226113880.jpg,chef
226115048.jpg,chef
226115542.jpg,chef
228280430.jpg,chef
2289711389.jpg,chef
2311616095.jpg,chef
234265703.jpg,chef
2354516058.jpg,chef
2379421650.jpg,chef
238177432.jpg,chef
2415587549.jpg,chef
241959826.jpg,chef
2428753812.jpg,chef
244001457.jpg,chef
2470519984.jpg,chef
2503250992.jpg,chef
2514570594.jpg,chef
2514571664.jpg,chef
2540312065.jpg,chef
254730529.jpg,chef
2550669018.jpg,chef
255091930.jpg,chef
2551697465.jpg,chef
2552419863.jpg,chef
2566149779.jpg,chef
2599100984.jpg,chef
2599307555.jpg,chef
2602123013.jpg,chef
2604357479.jpg,chef
2605139928.jpg,chef
2605373150.jpg,chef
2634573005.jpg,chef
2637909455.jpg,chef
2645694063.jpg,chef
2648238429.jpg,chef
2661118494.jpg,chef
2665461736.jpg,chef
26685105.jpg,chef
2675365025.jpg,chef
2690274918.jpg,chef
2700728302.jpg,chef
2709044515.jpg,chef
2715851150.jpg,chef
275173204.jpg,chef
2761583895.jpg,chef
2764057744.jpg,chef
2766639358.jpg,chef
2767646251.jpg,chef
2773331947.jpg,chef
2821356536.jpg,chef
2824492858.jpg,chef
2840866676.jpg,chef
2859661776.jpg,chef
2862704719.jpg,chef
2863539038.jpg,chef
2864575495.jpg,chef
2868652721.jpg,chef
2879966085.jpg,chef
2942514377.jpg,chef
2943375194.jpg,chef
2945213105.jpg,chef
2997939824.jpg,chef
3002092962.jpg,chef
3002670780.jpg,chef
3027409415.jpg,chef
3032493516.jpg,chef
303702369.jpg,chef
304295972.jpg,chef
306113908.jpg,chef
3065589373.jpg,chef
3082997532.jpg,chef
3083457930.jpg,chef
3091786541.jpg,chef
309546889.jpg,chef
309777765.jpg,chef
3099865313.jpg,chef
3106481126.jpg,chef
3112964916.jpg,chef
312691128.jpg,chef
314567175.jpg,chef
316476409.jpg,chef
3178454823.jpg,chef
3178865024.jpg,chef
3183528123.jpg,chef
3186472721.jpg,chef
320246929.jpg,chef
3204854864.jpg,chef
323875672.jpg,chef
3243795337.jpg,chef
3244632670.jpg,chef
3279228339.jpg,chef
3296124052.jpg,chef
3302823368.jpg,chef
3306464579.jpg,chef
3308612894.jpg,chef
3417231408.jpg,chef
3439897830.jpg,chef
3444281183.jpg,chef
3446892469.jpg,chef
34536135.jpg,chef
3475756130.jpg,chef
347758538.jpg,chef
3513318675.jpg,chef
3513877683.jpg,chef
3547499166.jpg,chef
35506150.jpg,chef
3559694091.jpg,chef
362143915.jpg,chef
3659915446.jpg,chef
3709522287.jpg,chef
3723840426.jpg,chef
3728710345.jpg,chef
3735413775.jpg,chef
3763892708.jpg,chef
3831892579.jpg,chef
3896878460.jpg,chef
392950732.jpg,chef
3959035241.jpg,chef
398241464.jpg,chef
3987140887.jpg,chef
400598822.jpg,chef
402264555.jpg,chef
4045265278.jpg,chef
4053707091.jpg,chef
4080351447.jpg,chef
4089545692.jpg,chef
4107496324.jpg,chef
4109577038.jpg,chef
4142920196.jpg,chef
41531588.jpg,chef
415432946.jpg,chef
4181778244.jpg,chef
4203512618.jpg,chef
42153946.jpg,chef
4218698350.jpg,chef
423066487.jpg,chef
4232695890.jpg,chef
4270148661.jpg,chef
4287405602.jpg,chef
4299926208.jpg,chef
4355004642.jpg,chef
4355306057.jpg,chef
439348091.jpg,chef
4421399995.jpg,chef
4426158851.jpg,chef
4441980889.jpg,chef
4469735380.jpg,chef
4492480277.jpg,chef
4553607445.jpg,chef
4575380951.jpg,chef
458160846.jpg,chef
4588335754.jpg,chef
4590049942.jpg,chef
4606967207.jpg,chef
4617982332.jpg,chef
4622844183.jpg,chef
4637336317.jpg,chef
4637943700.jpg,chef
4638839630.jpg,chef
4643831103.jpg,chef
4651446877.jpg,chef
4652063424.jpg,chef
4653630277.jpg,chef
4671448513.jpg,chef
4702663436.jpg,chef
4703514466.jpg,chef
4717504849.jpg,chef
4717515747.jpg,chef
4723023590.jpg,chef
4725674022.jpg,chef
4728136795.jpg,chef
4734949227.jpg,chef
4741320398.jpg,chef
4762951884.jpg,chef
4763879642.jpg,chef
4792134256.jpg,chef
4803960387.jpg,chef
4809578695.jpg,chef
4821417441.jpg,chef
483041457.jpg,chef
4835296120.jpg,chef
4838098882.jpg,chef
484280924.jpg,chef
484814224.jpg,chef
4865202740.jpg,chef
486738076.jpg,chef
4869523413.jpg,chef
4889835088.jpg,chef
492323406.jpg,chef
4936899101.jpg,chef
4944215863.jpg,chef
4958323824.jpg,chef
4981398759.jpg,chef
4982004148.jpg,chef
4983598261.jpg,chef
5024063793.jpg,chef
5057010159.jpg,chef
507035997.jpg,chef
5126446040.jpg,chef
517214008.jpg,chef
5181422285.jpg,chef
518230621.jpg,chef
5216466221.jpg,chef
5266194002.jpg,chef
526671837.jpg,chef
5276743705.jpg,chef
528906914.jpg,chef
528980321.jpg,chef
5319228272.jpg,chef
5366770416.jpg,chef
5423856409.jpg,chef
5476688378.jpg,chef
5491874786.jpg,chef
5510073103.jpg,chef
5536289343.jpg,chef
5559471351.jpg,chef
5605133486.jpg,chef
563803038.jpg,chef
5648828783.jpg,chef
5651514000.jpg,chef
5730564191.jpg,chef
5769934076.jpg,chef
5769937988.jpg,chef
5897266539.jpg,chef
5897279071.jpg,chef
59027529.jpg,chef
5918675.jpg,chef
5925767545.jpg,chef
600353878.jpg,chef
6054020376.jpg,chef
6175408029.jpg,chef
624072749.jpg,chef
6260674203.jpg,chef
6330156332.jpg,chef
6618942119.jpg,chef
6678040861.jpg,chef
67494245.jpg,chef
6856691889.jpg,chef
685698139.jpg,chef
686569442.jpg,chef
6926013620.jpg,chef
6977288802.jpg,chef
699507401.jpg,chef
7000034147.jpg,chef
70036357.jpg,chef
7029905711.jpg,chef
7046014201.jpg,chef
7057696291.jpg,chef
7072091637.jpg,chef
7072093185.jpg,chef
7175002649.jpg,chef
7177860808.jpg,chef
7327910476.jpg,chef
7344002226.jpg,chef
7406123104.jpg,chef
7445213794.jpg,chef
7473647124.jpg,chef
751497345.jpg,chef
7676512794.jpg,chef
7702108102.jpg,chef
7738684358.jpg,chef
7777767632.jpg,chef
8155650726.jpg,chef
833459429.jpg,chef
83434923.jpg,chef
83457315.jpg,chef
86112682.jpg,chef
86112730.jpg,chef
86256551.jpg,chef
86350713.jpg,chef
8757787.jpg,chef
89787769.jpg,chef
1002674143.jpg,artist
100716317.jpg,artist
1035392784.jpg,artist
1044764620.jpg,artist
1093737381.jpg,artist
1105959054.jpg,artist
111285749.jpg,artist
1144874057.jpg,artist
1145718750.jpg,artist
1145770960.jpg,artist
1145810912.jpg,artist
120545125.jpg,artist
1222063706.jpg,artist
1239262721.jpg,artist
126238618.jpg,artist
129269068.jpg,artist
1294578091.jpg,artist
129790261.jpg,artist
137453681.jpg,artist
148407193.jpg,artist
149150776.jpg,artist
1512770347.jpg,artist
15305247.jpg,artist
153374075.jpg,artist
155490259.jpg,artist
1680409989.jpg,artist
1681253990.jpg,artist
17095593.jpg,artist
174236758.jpg,artist
1763754548.jpg,artist
1781227288.jpg,artist
1804144683.jpg,artist
18284727.jpg,artist
183998963.jpg,artist
1850910604.jpg,artist
188552459.jpg,artist
192309867.jpg,artist
196583746.jpg,artist
2042915648.jpg,artist
2078020414.jpg,artist
2099140476.jpg,artist
2107951699.jpg,artist
2114005241.jpg,artist
2119793019.jpg,artist
2125074196.jpg,artist
2135070245.jpg,artist
2142631327.jpg,artist
2143439626.jpg,artist
2194806429.jpg,artist
2206060803.jpg,artist
2238237729.jpg,artist
223864886.jpg,artist
224657109.jpg,artist
2248395289.jpg,artist
225434569.jpg,artist
2273648636.jpg,artist
2279416167.jpg,artist
2289160261.jpg,artist
230182039.jpg,artist
2302955243.jpg,artist
2308339460.jpg,artist
2317013853.jpg,artist
2326133103.jpg,artist
2328016702.jpg,artist
2328104318.jpg,artist
2335504881.jpg,artist
2341245764.jpg,artist
235982200.jpg,artist
2363029863.jpg,artist
2400461120.jpg,artist
2406062461.jpg,artist
2442012496.jpg,artist
244344740.jpg,artist
2461641557.jpg,artist
2461641877.jpg,artist
24666160.jpg,artist
2477900423.jpg,artist
2480000122.jpg,artist
24837637.jpg,artist
252141930.jpg,artist
2525805067.jpg,artist
2528117348.jpg,artist
2531074685.jpg,artist
2536858553.jpg,artist
2536881159.jpg,artist
2537692668.jpg,artist
254308532.jpg,artist
2557059247.jpg,artist
2565511567.jpg,artist
2566970328.jpg,artist
2573535658.jpg,artist
2575647360.jpg,artist
2594547389.jpg,artist
259510411.jpg,artist
2598775005.jpg,artist
2607861348.jpg,artist
2612125121.jpg,artist
2612171591.jpg,artist
261627889.jpg,artist
2617812188.jpg,artist
2640922346.jpg,artist
2641049916.jpg,artist
2642993866.jpg,artist
2651080346.jpg,artist
265265586.jpg,artist
2662840398.jpg,artist
2662845514.jpg,artist
2676537026.jpg,artist
2688731661.jpg,artist
270090705.jpg,artist
2718116624.jpg,artist
272354004.jpg,artist
2736262723.jpg,artist
2745520849.jpg,artist
2746877062.jpg,artist
275166661.jpg,artist
275171617.jpg,artist
2761119252.jpg,artist
2781920563.jpg,artist
2811917934.jpg,artist
281789241.jpg,artist
2830073704.jpg,artist
2832613782.jpg,artist
2852670181.jpg,artist
2857372127.jpg,artist
2860314714.jpg,artist
2865725777.jpg,artist
28753061.jpg,artist
2876994989.jpg,artist
28804571.jpg,artist
2881378816.jpg,artist
2889481764.jpg,artist
2894634533.jpg,artist
2896804690.jpg,artist
2904377891.jpg,artist
2906759254.jpg,artist
2910453671.jpg,artist
2951310606.jpg,artist
2960095850.jpg,artist
2985509443.jpg,artist
2991335410.jpg,artist
3009729697.jpg,artist
3020218156.jpg,artist
3027255132.jpg,artist
3029411230.jpg,artist
3049836410.jpg,artist
3077185981.jpg,artist
3087243192.jpg,artist
320593325.jpg,artist
3209966887.jpg,artist
3227914118.jpg,artist
3243588540.jpg,artist
3245504245.jpg,artist
3249619521.jpg,artist
3251449029.jpg,artist
3270348209.jpg,artist
3275646864.jpg,artist
32762975.jpg,artist
3318564834.jpg,artist
3338120273.jpg,artist
3343311201.jpg,artist
3344226994.jpg,artist
3356792838.jpg,artist
3371567346.jpg,artist
3383055716.jpg,artist
3396625253.jpg,artist
3397433780.jpg,artist
3400186336.jpg,artist
3427118504.jpg,artist
3427402225.jpg,artist
343301629.jpg,artist
3448101413.jpg,artist
3448855727.jpg,artist
3455431229.jpg,artist
3459156091.jpg,artist
3466015690.jpg,artist
346950049.jpg,artist
3475640242.jpg,artist
3482062809.jpg,artist
3491098589.jpg,artist
3519483468.jpg,artist
3520869880.jpg,artist
3527572464.jpg,artist
356244046.jpg,artist
3563668905.jpg,artist
3564783532.jpg,artist
357795992.jpg,artist
3579148506.jpg,artist
3584181690.jpg,artist
3616927733.jpg,artist
3629489568.jpg,artist
3635194562.jpg,artist
363617160.jpg,artist
3640348910.jpg,artist
3650485497.jpg,artist
3652150541.jpg,artist
3656010396.jpg,artist
3657806799.jpg,artist
3669056658.jpg,artist
3669315178.jpg,artist
367400736.jpg,artist
3674168459.jpg,artist
3675685612.jpg,artist
3677514746.jpg,artist
3686612004.jpg,artist
369244499.jpg,artist
3694480979.jpg,artist
3712917405.jpg,artist
3713177334.jpg,artist
3729355672.jpg,artist
3749555902.jpg,artist
3751534238.jpg,artist
3756150099.jpg,artist
375955411.jpg,artist
3766315784.jpg,artist
3783987753.jpg,artist
3791591952.jpg,artist
3799845307.jpg,artist
3805877081.jpg,artist
3808935147.jpg,artist
38437776.jpg,artist
38478672.jpg,artist
3849318202.jpg,artist
38541144.jpg,artist
3861754914.jpg,artist
3864694123.jpg,artist
3871713477.jpg,artist
3874741721.jpg,artist
3877389540.jpg,artist
388813855.jpg,artist
3888575744.jpg,artist
3907881388.jpg,artist
395125320.jpg,artist
3952305716.jpg,artist
3963364562.jpg,artist
3981715035.jpg,artist
3982396584.jpg,artist
3992847227.jpg,artist
4018622493.jpg,artist
4030022254.jpg,artist
4041300706.jpg,artist
4046952585.jpg,artist
4089350664.jpg,artist
410050096.jpg,artist
4105944919.jpg,artist
4108479912.jpg,artist
4111392491.jpg,artist
4120624922.jpg,artist
4152929859.jpg,artist
4182499394.jpg,artist
4198839235.jpg,artist
4202073868.jpg,artist
421316045.jpg,artist
4240135778.jpg,artist
4262509387.jpg,artist
4294773353.jpg,artist
4322208721.jpg,artist
43426408.jpg,artist
4361879526.jpg,artist
4364359337.jpg,artist
436808119.jpg,artist
4375286847.jpg,artist
438106.jpg,artist
4387245953.jpg,artist
4420802292.jpg,artist
4436813115.jpg,artist
4439517165.jpg,artist
445558349.jpg,artist
4458126089.jpg,artist
4463883091.jpg,artist
4469625273.jpg,artist
4474230746.jpg,artist
4478989677.jpg,artist
4482890905.jpg,artist
4484143736.jpg,artist
45110113.jpg,artist
4511684396.jpg,artist
4525819715.jpg,artist
4526883901.jpg,artist
4537666932.jpg,artist
453807108.jpg,artist
4544245701.jpg,artist
4563347566.jpg,artist
4563644936.jpg,artist
4568594263.jpg,artist
4587858056.jpg,artist
4588947862.jpg,artist
4588980563.jpg,artist
4610507935.jpg,artist
4612024952.jpg,artist
4615085714.jpg,artist
4619396193.jpg,artist
4626005440.jpg,artist
4628572465.jpg,artist
4631265529.jpg,artist
4631422940.jpg,artist
4631424884.jpg,artist
46458329.jpg,artist
4648440874.jpg,artist
4653329590.jpg,artist
4653330656.jpg,artist
4655435447.jpg,artist
4656231658.jpg,artist
4661255059.jpg,artist
4668665781.jpg,artist
4668667757.jpg,artist
4669598715.jpg,artist
4673846067.jpg,artist
4680828876.jpg,artist
46829862.jpg,artist
4683273591.jpg,artist
4684148171.jpg,artist
4693817690.jpg,artist
4695088157.jpg,artist
4696105760.jpg,artist
470272588.jpg,artist
4706873095.jpg,artist
4707440120.jpg,artist
4715763245.jpg,artist
4717058364.jpg,artist
4722128127.jpg,artist
4725001619.jpg,artist
4737364727.jpg,artist
4739381614.jpg,artist
4747892933.jpg,artist
4758944537.jpg,artist
4760685276.jpg,artist
4763056591.jpg,artist
4768270751.jpg,artist
4768602434.jpg,artist
4771247095.jpg,artist
4775534259.jpg,artist
4778253765.jpg,artist
4787660637.jpg,artist
4789673980.jpg,artist
4789755167.jpg,artist
4792868400.jpg,artist
4797178138.jpg,artist
4807204813.jpg,artist
4812991186.jpg,artist
4813453193.jpg,artist
4813699569.jpg,artist
4822443231.jpg,artist
4827644296.jpg,artist
4834128818.jpg,artist
4834129500.jpg,artist
4834129930.jpg,artist
483532612.jpg,artist
4848627833.jpg,artist
4848630209.jpg,artist
4849079591.jpg,artist
4849249432.jpg,artist
4849249884.jpg,artist
4849250874.jpg,artist
4850614476.jpg,artist
4857090523.jpg,artist
4862738105.jpg,artist
4870329737.jpg,artist
4872454115.jpg,artist
4872515943.jpg,artist
4872638109.jpg,artist
4873132254.jpg,artist
4876064704.jpg,artist
4879450847.jpg,artist
4890158457.jpg,artist
4894124300.jpg,artist
4896953429.jpg,artist
4897478936.jpg,artist
4897479032.jpg,artist
4898180180.jpg,artist
4912320463.jpg,artist
4920455740.jpg,artist
4923916404.jpg,artist
4932403516.jpg,artist
4942325248.jpg,artist
4944548179.jpg,artist
4946401409.jpg,artist
4953949496.jpg,artist
4959266823.jpg,artist
4963461068.jpg,artist
4975012108.jpg,artist
4975172155.jpg,artist
4976504378.jpg,artist
4979311570.jpg,artist
4988974320.jpg,artist
5019568325.jpg,artist
5021506238.jpg,artist
5034482827.jpg,artist
5037602166.jpg,artist
50713403.jpg,artist
5071580142.jpg,artist
5171456489.jpg,artist
517516106.jpg,artist
5200029082.jpg,artist
5206567975.jpg,artist
5214515583.jpg,artist
522051518.jpg,artist
5250458311.jpg,artist
525434560.jpg,artist
527076501.jpg,artist
531124063.jpg,artist
5326507136.jpg,artist
5332049234.jpg,artist
5333578.jpg,artist
5335780437.jpg,artist
536718060.jpg,artist
5373606679.jpg,artist
5381104643.jpg,artist
5447361965.jpg,artist
5518763793.jpg,artist
553267106.jpg,artist
5534793306.jpg,artist
5565536413.jpg,artist
5635975939.jpg,artist
5637361857.jpg,artist
5656207480.jpg,artist
5732433781.jpg,artist
57544895.jpg,artist
5769574991.jpg,artist
5769961721.jpg,artist
5770115416.jpg,artist
5770961200.jpg,artist
5781162449.jpg,artist
5788177425.jpg,artist
5822092748.jpg,artist
5925545440.jpg,artist
6003400894.jpg,artist
6022108522.jpg,artist
6038122264.jpg,artist
6077676085.jpg,artist
6078216754.jpg,artist
6110845331.jpg,artist
61372129.jpg,artist
61454211.jpg,artist
6171694399.jpg,artist
6192034820.jpg,artist
6196180784.jpg,artist
6209037268.jpg,artist
623155897.jpg,artist
6232601127.jpg,artist
6266694316.jpg,artist
6288191752.jpg,artist
64974329.jpg,artist
6561536991.jpg,artist
6681702307.jpg,artist
6715658033.jpg,artist
6716993355.jpg,artist
675153.jpg,artist
6775386430.jpg,artist
6813821371.jpg,artist
6842865414.jpg,artist
6848971983.jpg,artist
6878448810.jpg,artist
6895479523.jpg,artist
6921499991.jpg,artist
6933265421.jpg,artist
6989007116.jpg,artist
7024546259.jpg,artist
7067689127.jpg,artist
7117115809.jpg,artist
7165193566.jpg,artist
71790092.jpg,artist
7180539669.jpg,artist
72090503.jpg,artist
7228557720.jpg,artist
7289004844.jpg,artist
7312171080.jpg,artist
7375140234.jpg,artist
7405895310.jpg,artist
74706255.jpg,artist
748376144.jpg,artist
7489655004.jpg,artist
7541450008.jpg,artist
7601453166.jpg,artist
7614857924.jpg,artist
7664745438.jpg,artist
7670346004.jpg,artist
7700959654.jpg,artist
7710381906.jpg,artist
7754284046.jpg,artist
7800436386.jpg,artist
7835294722.jpg,artist
7896966586.jpg,artist
7900347098.jpg,artist
7922678762.jpg,artist
7988459533.jpg,artist
8086165175.jpg,artist
8089660385.jpg,artist
8205105666.jpg,artist
8224919377.jpg,artist
85306247.jpg,artist
87718618.jpg,artist
91083825.jpg,artist
952389673.jpg,artist
9600569.jpg,artist
96669857.jpg,artist
100652400.jpg,builder
102860573.jpg,builder
1055753357.jpg,builder
106300392.jpg,builder
10637120.jpg,builder
1071201387.jpg,builder
107936523.jpg,builder
1081595465.jpg,builder
1082608010.jpg,builder
10863862.jpg,builder
110647073.jpg,builder
111811048.jpg,builder
11214205.jpg,builder
11214370.jpg,builder
11214470.jpg,builder
11220707.jpg,builder
1148889628.jpg,builder
1149286224.jpg,builder
116450583.jpg,builder
116457850.jpg,builder
116569042.jpg,builder
116569046.jpg,builder
118707970.jpg,builder
118708295.jpg,builder
118854260.jpg,builder
1190951807.jpg,builder
1191939974.jpg,builder
1196432301.jpg,builder
122188825.jpg,builder
122190424.jpg,builder
1223671563.jpg,builder
122868800.jpg,builder
123244147.jpg,builder
1283466.jpg,builder
1364148267.jpg,builder
1364148789.jpg,builder
13652901.jpg,builder
1369162.jpg,builder
1424170200.jpg,builder
1429383749.jpg,builder
143149186.jpg,builder
143793054.jpg,builder
1441148458.jpg,builder
1466307485.jpg,builder
1478576516.jpg,builder
1484711469.jpg,builder
1488937076.jpg,builder
14919212.jpg,builder
1522291943.jpg,builder
153374889.jpg,builder
1538278785.jpg,builder
153963868.jpg,builder
1542970158.jpg,builder
1542970798.jpg,builder
157492155.jpg,builder
161456716.jpg,builder
162060045.jpg,builder
164428441.jpg,builder
171133671.jpg,builder
1720431026.jpg,builder
173227546.jpg,builder
1732567333.jpg,builder
1749201369.jpg,builder
1749235955.jpg,builder
1750167036.jpg,builder
180146696.jpg,builder
180150786.jpg,builder
181465013.jpg,builder
181989740.jpg,builder
185571867.jpg,builder
1858123511.jpg,builder
1858963639.jpg,builder
1873655403.jpg,builder
1873666741.jpg,builder
1874530310.jpg,builder
1877018139.jpg,builder
1877141031.jpg,builder
187780595.jpg,builder
191375755.jpg,builder
1932532591.jpg,builder
193596215.jpg,builder
194703038.jpg,builder
194704310.jpg,builder
194705585.jpg,builder
195546059.jpg,builder
196521598.jpg,builder
196522488.jpg,builder
196523254.jpg,builder
200767661.jpg,builder
202175131.jpg,builder
2036181263.jpg,builder
2040964486.jpg,builder
2046222127.jpg,builder
2046332896.jpg,builder
2047543321.jpg,builder
205152134.jpg,builder
206373158.jpg,builder
20702864.jpg,builder
2090215703.jpg,builder
2095711097.jpg,builder
2101741007.jpg,builder
2112624980.jpg,builder
2117904671.jpg,builder
2118681002.jpg,builder
2118681098.jpg,builder
2123995873.jpg,builder
213224451.jpg,builder
213583123.jpg,builder
2150834797.jpg,builder
2155994202.jpg,builder
2158925258.jpg,builder
2162469360.jpg,builder
216696529.jpg,builder
2167365840.jpg,builder
2168809436.jpg,builder
217013833.jpg,builder
2183123018.jpg,builder
2184664834.jpg,builder
22143604.jpg,builder
2214596481.jpg,builder
2215925780.jpg,builder
2216631622.jpg,builder
2221241506.jpg,builder
2224790243.jpg,builder
2224836155.jpg,builder
2225530026.jpg,builder
223424495.jpg,builder
225110635.jpg,builder
2252036322.jpg,builder
226310408.jpg,builder
2270490287.jpg,builder
2275214054.jpg,builder
2287962706.jpg,builder
2292621342.jpg,builder
2310452540.jpg,builder
2311412902.jpg,builder
2313785743.jpg,builder
231935782.jpg,builder
2322393931.jpg,builder
2323220432.jpg,builder
233066798.jpg,builder
2331539025.jpg,builder
2331539071.jpg,builder
23329858.jpg,builder
2332986053.jpg,builder
234374617.jpg,builder
23473996.jpg,builder
235065283.jpg,builder
2384507273.jpg,builder
2385871317.jpg,builder
2393059551.jpg,builder
2394857899.jpg,builder
2405740253.jpg,builder
24186977.jpg,builder
24187380.jpg,builder
24187497.jpg,builder
24187978.jpg,builder
24188477.jpg,builder
2423937824.jpg,builder
2437799265.jpg,builder
2442648548.jpg,builder
2456675104.jpg,builder
2456698090.jpg,builder
2460467896.jpg,builder
247470362.jpg,builder
24767513.jpg,builder
24767778.jpg,builder
24772114.jpg,builder
2487069642.jpg,builder
2491261614.jpg,builder
2496127886.jpg,builder
2496713113.jpg,builder
2506703854.jpg,builder
2536772737.jpg,builder
2536781293.jpg,builder
2536787269.jpg,builder
2536792809.jpg,builder
2536794507.jpg,builder
2536799945.jpg,builder
2536808189.jpg,builder
2536850983.jpg,builder
2536853135.jpg,builder
2536853263.jpg,builder
2536863537.jpg,builder
2536875357.jpg,builder
2536889705.jpg,builder
2536933695.jpg,builder
2536939367.jpg,builder
2536950059.jpg,builder
2536978777.jpg,builder
2536985327.jpg,builder
2536985499.jpg,builder
2536991887.jpg,builder
2536993581.jpg,builder
2536995789.jpg,builder
2536998057.jpg,builder
2537000363.jpg,builder
2537002791.jpg,builder
2537578924.jpg,builder
2537580694.jpg,builder
2537584620.jpg,builder
2537586970.jpg,builder
2537592566.jpg,builder
2537594884.jpg,builder
2537596840.jpg,builder
2537601290.jpg,builder
2537603442.jpg,builder
2537611154.jpg,builder
2537615024.jpg,builder
2537616702.jpg,builder
2537620898.jpg,builder
2537624884.jpg,builder
2537665596.jpg,builder
2537678956.jpg,builder
2537683592.jpg,builder
2537697530.jpg,builder
2537702182.jpg,builder
2537709684.jpg,builder
2537755800.jpg,builder
2537758674.jpg,builder
2537799272.jpg,builder
2537802214.jpg,builder
2537806838.jpg,builder
2537817814.jpg,builder
2537818182.jpg,builder
2537818472.jpg,builder
2537819002.jpg,builder
2537824400.jpg,builder
2541462585.jpg,builder
2541483099.jpg,builder
2542285730.jpg,builder
2542304168.jpg,builder
2544192243.jpg,builder
2548795330.jpg,builder
2554081584.jpg,builder
25589701.jpg,builder
2565302802.jpg,builder
2567962271.jpg,builder
2569653795.jpg,builder
2573811416.jpg,builder
25817944.jpg,builder
25818051.jpg,builder
2597824037.jpg,builder
2598093366.jpg,builder
2599908425.jpg,builder
26067618.jpg,builder
2607097757.jpg,builder
2612488996.jpg,builder
261391148.jpg,builder
261883591.jpg,builder
2623486961.jpg,builder
2623486975.jpg,builder
2623486983.jpg,builder
262842417.jpg,builder
2633388235.jpg,builder
2633396041.jpg,builder
2641794279.jpg,builder
2642336024.jpg,builder
2642624688.jpg,builder
2656110989.jpg,builder
2657990027.jpg,builder
2667947118.jpg,builder
2678343915.jpg,builder
2679015215.jpg,builder
2735517817.jpg,builder
2736884820.jpg,builder
2737409349.jpg,builder
2751612533.jpg,builder
2775549337.jpg,builder
2778006073.jpg,builder
2778904898.jpg,builder
2778965398.jpg,builder
2779332686.jpg,builder
2782065752.jpg,builder
2807228428.jpg,builder
2809218945.jpg,builder
2822156510.jpg,builder
282481027.jpg,builder
2825202229.jpg,builder
2826039524.jpg,builder
2826039666.jpg,builder
2827108217.jpg,builder
2829719998.jpg,builder
283600520.jpg,builder
283999555.jpg,builder
2844018783.jpg,builder
2862306612.jpg,builder
2863466964.jpg,builder
2869653417.jpg,builder
2877155196.jpg,builder
2882925081.jpg,builder
2883749170.jpg,builder
2883760932.jpg,builder
2889335946.jpg,builder
2889339134.jpg,builder
2889346148.jpg,builder
2893618834.jpg,builder
2894309943.jpg,builder
2899550625.jpg,builder
2900418076.jpg,builder
2929968078.jpg,builder
2930902521.jpg,builder
2932550680.jpg,builder
2938362117.jpg,builder
2943692397.jpg,builder
2944619397.jpg,builder
2954291559.jpg,builder
2961004039.jpg,builder
2971725406.jpg,builder
2980901328.jpg,builder
2980982753.jpg,builder
2980983951.jpg,builder
2981080117.jpg,builder
2981091991.jpg,builder
2981162237.jpg,builder
2981951954.jpg,builder
2982025774.jpg,builder
2993819041.jpg,builder
3002915726.jpg,builder
3008686231.jpg,builder
3008687165.jpg,builder
3015487184.jpg,builder
3024001901.jpg,builder
3025093.jpg,builder
3025438110.jpg,builder
3043766.jpg,builder
3078084729.jpg,builder
308859429.jpg,builder
3098100726.jpg,builder
3099091086.jpg,builder
3121997129.jpg,builder
3150666056.jpg,builder
3159328476.jpg,builder
31648340.jpg,builder
3193678492.jpg,builder
3204734746.jpg,builder
3212671393.jpg,builder
3213517626.jpg,builder
32184285.jpg,builder
3234159912.jpg,builder
3241627311.jpg,builder
324642762.jpg,builder
3251187785.jpg,builder
3251706225.jpg,builder
326334188.jpg,builder
3274866788.jpg,builder
3284955091.jpg,builder
3291515826.jpg,builder
3319723910.jpg,builder
3321209919.jpg,builder
3323394468.jpg,builder
3328289539.jpg,builder
3328296271.jpg,builder
3328302645.jpg,builder
3328380165.jpg,builder
3328387307.jpg,builder
3329120776.jpg,builder
3332136681.jpg,builder
3335296184.jpg,builder
3344692671.jpg,builder
3349348655.jpg,builder
3349351069.jpg,builder
3378553508.jpg,builder
3394504873.jpg,builder
3420064875.jpg,builder
3428877331.jpg,builder
3433583068.jpg,builder
3454092588.jpg,builder
3458274053.jpg,builder
3471746122.jpg,builder
3475257782.jpg,builder
3483140026.jpg,builder
3494701610.jpg,builder
34988312.jpg,builder
3502993968.jpg,builder
3510970803.jpg,builder
3512780285.jpg,builder
3527069255.jpg,builder
3534388678.jpg,builder
3550508366.jpg,builder
3550860765.jpg,builder
3554391279.jpg,builder
3577928139.jpg,builder
3588950723.jpg,builder
3596771113.jpg,builder
36026845.jpg,builder
36030175.jpg,builder
36032318.jpg,builder
3608651253.jpg,builder
361019101.jpg,builder
3616949634.jpg,builder
3621972977.jpg,builder
3623047508.jpg,builder
3634754655.jpg,builder
3647617584.jpg,builder
3673069138.jpg,builder
3691745687.jpg,builder
3698928767.jpg,builder
3698928883.jpg,builder
3711340791.jpg,builder
3711344791.jpg,builder
3711346809.jpg,builder
3711354907.jpg,builder
3720376242.jpg,builder
3734864.jpg,builder
3735771637.jpg,builder
3736561898.jpg,builder
373759186.jpg,builder
3744182161.jpg,builder
374949614.jpg,builder
376208936.jpg,builder
3763959012.jpg,builder
3768348167.jpg,builder
378434971.jpg,builder
3784574313.jpg,builder
3784577325.jpg,builder
3789230623.jpg,builder
37908155.jpg,builder
3800969923.jpg,builder
3801799568.jpg,builder
38130571.jpg,builder
38130652.jpg,builder
38130732.jpg,builder
38137970.jpg,builder
38138101.jpg,builder
3825049160.jpg,builder
383657310.jpg,builder
3852752203.jpg,builder
3866425459.jpg,builder
3887428186.jpg,builder
3890981926.jpg,builder
3936422227.jpg,builder
3937269663.jpg,builder
3943882596.jpg,builder
3952819160.jpg,builder
3956780803.jpg,builder
3963683506.jpg,builder
3963684908.jpg,builder
3965588075.jpg,builder
3978631696.jpg,builder
3983874347.jpg,builder
399226846.jpg,builder
4030623833.jpg,builder
4035527590.jpg,builder
4044612196.jpg,builder
4045411879.jpg,builder
4051938340.jpg,builder
4054618575.jpg,builder
405961988.jpg,builder
4069561894.jpg,builder
408695996.jpg,builder
4089361660.jpg,builder
4093561036.jpg,builder
4093563644.jpg,builder
4093746088.jpg,builder
4102545355.jpg,builder
4115571898.jpg,builder
4153903524.jpg,builder
4156102515.jpg,builder
416960865.jpg,builder
4169721618.jpg,builder
4201060050.jpg,builder
421780367.jpg,builder
42256309.jpg,builder
422736619.jpg,builder
422737954.jpg,builder
4243568636.jpg,builder
4254863635.jpg,builder
4255627436.jpg,builder
4257593776.jpg,builder
4268242266.jpg,builder
4272747342.jpg,builder
4273711559.jpg,builder
4278658978.jpg,builder
4305146644.jpg,builder
4332049092.jpg,builder
4346213739.jpg,builder
4360892902.jpg,builder
4374241200.jpg,builder
4382642104.jpg,builder
43980543.jpg,builder
4435667506.jpg,builder
4446608333.jpg,builder
4446887023.jpg,builder
4455999741.jpg,builder
4458393364.jpg,builder
4467161305.jpg,builder
447239398.jpg,builder
4475974227.jpg,builder
448227389.jpg,builder
4503423229.jpg,builder
4513514840.jpg,builder
4515460.jpg,builder
4521223019.jpg,builder
4524196235.jpg,builder
4524828504.jpg,builder
4532878470.jpg,builder
4543570621.jpg,builder
4543755321.jpg,builder
4560420776.jpg,builder
4561852553.jpg,builder
4563143284.jpg,builder
4564119814.jpg,builder
457507422.jpg,builder
4589027891.jpg,builder
459996676.jpg,builder
4609328082.jpg,builder
461207690.jpg,builder
4625380993.jpg,builder
4628406069.jpg,builder
462882962.jpg,builder
4631915030.jpg,builder
4637931300.jpg,builder
4641280657.jpg,builder
464340358.jpg,builder
4646799327.jpg,builder
4659370278.jpg,builder
4661188536.jpg,builder
466877726.jpg,builder
4670863950.jpg,builder
467420499.jpg,builder
4682168919.jpg,builder
4684507723.jpg,builder
4684538785.jpg,builder
4688203626.jpg,builder
4694086907.jpg,builder
4695473432.jpg,builder
4696008519.jpg,builder
4696582030.jpg,builder
470472653.jpg,builder
4718415992.jpg,builder
4722129285.jpg,builder
4729067306.jpg,builder
4730527167.jpg,builder
4736070650.jpg,builder
4739632460.jpg,builder
4745356451.jpg,builder
4767662218.jpg,builder
47770444.jpg,builder
4783827768.jpg,builder
4786291701.jpg,builder
4786923748.jpg,builder
4790515720.jpg,builder
4793317845.jpg,builder
4799147179.jpg,builder
4801520208.jpg,builder
4808012401.jpg,builder
4813123584.jpg,builder
4832224164.jpg,builder
4840179259.jpg,builder
4841210334.jpg,builder
4858940251.jpg,builder
4872513153.jpg,builder
4873128332.jpg,builder
4874068843.jpg,builder
4884189834.jpg,builder
4889084974.jpg,builder
4891825066.jpg,builder
4894872733.jpg,builder
4897078710.jpg,builder
4898250461.jpg,builder
4902023560.jpg,builder
4906946.jpg,builder
4907832234.jpg,builder
4910057495.jpg,builder
4912894178.jpg,builder
4917929879.jpg,builder
4923601195.jpg,builder
4932963561.jpg,builder
4934343751.jpg,builder
4945148977.jpg,builder
49482602.jpg,builder
4951888006.jpg,builder
4965629392.jpg,builder
4966861386.jpg,builder
4976246643.jpg,builder
4976649362.jpg,builder
4977178661.jpg,builder
4981184852.jpg,builder
4987435326.jpg,builder
5015379755.jpg,builder
504413268.jpg,builder
505370396.jpg,builder
5062544126.jpg,builder
5093235185.jpg,builder
5221111799.jpg,builder
5225747391.jpg,builder
5241430403.jpg,builder
524360969.jpg,builder
5261346652.jpg,builder
5262731925.jpg,builder
5263339188.jpg,builder
5264507624.jpg,builder
527288854.jpg,builder
529821195.jpg,builder
5359437945.jpg,builder
536156200.jpg,builder
544039061.jpg,builder
544149309.jpg,builder
5485593000.jpg,builder
5498941021.jpg,builder
5522177900.jpg,builder
5522482326.jpg,builder
5536018727.jpg,builder
5536018957.jpg,builder
554215758.jpg,builder
5566972.jpg,builder
5572655622.jpg,builder
5613922717.jpg,builder
5624522.jpg,builder
565088263.jpg,builder
5671379503.jpg,builder
567526452.jpg,builder
567903453.jpg,builder
567909573.jpg,builder
570520724.jpg,builder
570990225.jpg,builder
570996053.jpg,builder
570999731.jpg,builder
571002259.jpg,builder
5712096379.jpg,builder
571602538.jpg,builder
571612606.jpg,builder
571621280.jpg,builder
572135297.jpg,builder
572149383.jpg,builder
572163357.jpg,builder
5730226613.jpg,builder
5745422329.jpg,builder
5761090545.jpg,builder
5783876648.jpg,builder
5790434381.jpg,builder
5791568.jpg,builder
5823026973.jpg,builder
5832821999.jpg,builder
5914327.jpg,builder
5925544722.jpg,builder
5931039781.jpg,builder
6029705375.jpg,builder
6054169.jpg,builder
605691297.jpg,builder
6075614739.jpg,builder
6142334811.jpg,builder
6174401215.jpg,builder
6217699262.jpg,builder
6229823951.jpg,builder
6229825733.jpg,builder
637245791.jpg,builder
6378330987.jpg,builder
6398924.jpg,builder
6426218107.jpg,builder
6442477951.jpg,builder
6530902779.jpg,builder
663377207.jpg,builder
664228094.jpg,builder
6685838035.jpg,builder
6774639535.jpg,builder
6789373753.jpg,builder
6829605875.jpg,builder
6833775117.jpg,builder
6837397383.jpg,builder
6847096860.jpg,builder
6847401646.jpg,builder
6857882214.jpg,builder
6876946433.jpg,builder
6881116831.jpg,builder
6892084963.jpg,builder
6893619011.jpg,builder
6907094435.jpg,builder
6953548178.jpg,builder
6973706961.jpg,builder
6979303317.jpg,builder
6990987537.jpg,builder
70074570.jpg,builder
71521921.jpg,builder
7189118835.jpg,builder
7199344342.jpg,builder
7237669608.jpg,builder
7258153438.jpg,builder
7263168156.jpg,builder
7290145346.jpg,builder
7308951892.jpg,builder
73158300.jpg,builder
7333560206.jpg,builder
73987570.jpg,builder
741178492.jpg,builder
741227062.jpg,builder
7520731.jpg,builder
7544290736.jpg,builder
7559183044.jpg,builder
7567595412.jpg,builder
7609903164.jpg,builder
7633434714.jpg,builder
7657583000.jpg,builder
76605444.jpg,builder
767310011.jpg,builder
7697342662.jpg,builder
777014662.jpg,builder
7773468788.jpg,builder
7849619682.jpg,builder
8187910453.jpg,builder
8237901726.jpg,builder
848007330.jpg,builder
86120479.jpg,builder
86987116.jpg,builder
873650807.jpg,builder
893808757.jpg,builder
94183012.jpg,builder
98235403.jpg,builder
984950.jpg,builder
997876722.jpg,builder
1001896054.jpg,driver
1010470346.jpg,driver
102268204.jpg,driver
105335409.jpg,driver
1056338697.jpg,driver
1163297375.jpg,driver
1262808368.jpg,driver
127875146.jpg,driver
1364031423.jpg,driver
1436661786.jpg,driver
152979089.jpg,driver
1581304802.jpg,driver
161158687.jpg,driver
161669933.jpg,driver
166321294.jpg,driver
2042572803.jpg,driver
2083434441.jpg,driver
2148234367.jpg,driver
2149521096.jpg,driver
2205958052.jpg,driver
2410153942.jpg,driver
244315760.jpg,driver
2498700986.jpg,driver
2503091968.jpg,driver
2512905710.jpg,driver
2567145979.jpg,driver
2634907858.jpg,driver
265179051.jpg,driver
2704407589.jpg,driver
2710281519.jpg,driver
2751694538.jpg,driver
2755053974.jpg,driver
277119391.jpg,driver
2774267559.jpg,driver
2775068620.jpg,driver
2802497633.jpg,driver
2845691057.jpg,driver
2865736256.jpg,driver
2882056260.jpg,driver
2894850774.jpg,driver
2901462003.jpg,driver
2969134945.jpg,driver
2996302825.jpg,driver
300670334.jpg,driver
3019199755.jpg,driver
3052709425.jpg,driver
3070739413.jpg,driver
3072938154.jpg,driver
3103655513.jpg,driver
3171347658.jpg,driver
3179833180.jpg,driver
3204354161.jpg,driver
3235857773.jpg,driver
3240475298.jpg,driver
3249723543.jpg,driver
3261493263.jpg,driver
3293751136.jpg,driver
33108590.jpg,driver
3325584169.jpg,driver
3327761688.jpg,driver
3349788466.jpg,driver
3410629379.jpg,driver
3426327477.jpg,driver
3441701164.jpg,driver
3464871350.jpg,driver
3470718914.jpg,driver
3491607076.jpg,driver
3559374748.jpg,driver
3562169000.jpg,driver
3613375729.jpg,driver
3628994466.jpg,driver
3722540104.jpg,driver
3855962376.jpg,driver
3883179400.jpg,driver
4112704699.jpg,driver
4337871573.jpg,driver
4446013212.jpg,driver
4458486019.jpg,driver
446471477.jpg,driver
4473275393.jpg,driver
4488908417.jpg,driver
4497873178.jpg,driver
4505835829.jpg,driver
4508482982.jpg,driver
4514082925.jpg,driver
4521610782.jpg,driver
4521610802.jpg,driver
4522422148.jpg,driver
4524407264.jpg,driver
4589045905.jpg,driver
4617732753.jpg,driver
4622921215.jpg,driver
462704170.jpg,driver
4652396489.jpg,driver
4654498293.jpg,driver
4656715193.jpg,driver
4662948361.jpg,driver
4667954426.jpg,driver
4671529065.jpg,driver
4677535056.jpg,driver
4700788144.jpg,driver
4714730332.jpg,driver
4724221486.jpg,driver
4764082600.jpg,driver
4766767528.jpg,driver
4789309483.jpg,driver
4789374589.jpg,driver
4795241726.jpg,driver
4804878120.jpg,driver
4816929485.jpg,driver
4817228819.jpg,driver
4857076027.jpg,driver
4857763702.jpg,driver
4858043205.jpg,driver
4859271957.jpg,driver
4870291079.jpg,driver
4870438924.jpg,driver
4922420794.jpg,driver
4924679654.jpg,driver
4934537467.jpg,driver
519028568.jpg,driver
5226870137.jpg,driver
524310507.jpg,driver
5416301879.jpg,driver
5706580028.jpg,driver
5984974054.jpg,driver
6046473448.jpg,driver
6113672400.jpg,driver
6181931777.jpg,driver
6194740899.jpg,driver
6240095275.jpg,driver
6240611112.jpg,driver
6263542472.jpg,driver
6315352509.jpg,driver
6381214111.jpg,driver
6440454931.jpg,driver
6540770333.jpg,driver
6872009832.jpg,driver
6924508104.jpg,driver
6927848734.jpg,driver
6979707950.jpg,driver
69953267.jpg,driver
7283701780.jpg,driver
7284455464.jpg,driver
7503435144.jpg,driver
7503567664.jpg,driver
7503647902.jpg,driver
7729005930.jpg,driver
7862746246.jpg,driver
7913102578.jpg,driver
7987908185.jpg,driver
8070675236.jpg,driver
